orgao,url,nome_da_autoridade,endereco,cep,municipio,uf,ddd,telefone,contato
ABGF - Agencia Brasileira Gestora de Fundos Garantidores e Garantias S.A.,http://www.abgf.gov.br/pages/acesso-a-informacao.php,Wagner Efrem de Souza,"SAS Quadra 3, Bloco O, 11º andar - Setor de Autarquias Sul",70079900,Brasília,DF,61,32466203,acessoinformacao@abgf.gov.br
AEB – Agência Espacial Brasileira,http://www.aeb.gov.br/acessoainformacao/,José Iram Mota Barbosa,SPO - Área 5 - Quadra 3 - Bloco A,70610200,Brasília,DF,61,34115606,sic@aeb.gov.br
AGU – Advocacia-Geral da União,http://www.agu.gov.br/Acesso,Francis Christian Alves Scherer Bicca,"SIG Quadra 6, Lote 800, 2° andar, Sala 200",70610460,Brasília,DF,61,20267175,ouvidoriaagu@agu.gov.br
Amazonas Geração e Transmissão de Energia S.A.,http://www.eletrobrasamazonasgt.com,ELISANGELA SILVA DE OLIVEIRA,"Rua Tito Bittencourt, n° 142-São Francisco",69079040,Manaus,AM,92,36328614,esic@eletrobrasamazonasgt.com
AMAZUL - Amazônia Azul Tecnologias de Defesa S.A.,http://www.amazul.gov.br,Charles Magno Medeiros,"Av. Corifeu de Azevedo Marques 1847, Butantã",5581001,São Paulo,SP,11,32061790,secom@amazul.gov.br
AmE – Amazonas Distribuidora de Energia S.A.,http://www.eletrobrasamazonas.com/cms/index.php/acesso-a-informacao/,Marcio Paixão Ribeiro,"Av. Sete de Setembro, 2414, Cachoeirinha",69065170,Manaus,AM,92,21262225,sic@eletrobrasamazonas.com
AN – Arquivo Nacional,http://www.arquivonacional.gov.br,José Levi Mello do Amaral Jr.,"Praça da República, 173, Centro",20211350,Rio de Janeiro,RJ,21,21791349,sic@arquivonacional.gov.br
ANA – Agência Nacional de Águas,http://www.ana.gov.br,Ademar Passos Veiga,Setor Policial Sul - Área 5 - Bloco B - Sala 214,70610200,Brasília,DF,61,21095487,sic@ana.gov.br
ANAC – Agência Nacional de Aviação Civil,http://www.anac.gov.br,Alex Castaldi Romera,Setor Comercial Sul – Quadra 09 – Lote C Edifício Parque Cidade Corporate – Torre A (1º ao 7º andar),70308200,Brasília,DF,61,33144306,sic@anac.gov.br
ANATEL – Agência Nacional de Telecomunicações,http://www.anatel.gov.br/Portal/exibirPortalInternet.do,Carlos Manoel Baigorri,"Setor de Autarquias Sul - SAUS - Quadra 6 - Blocos E, F e H - Brasília - DF",70070904,Brasília,DF,61,23122082,gestorsic@anatel.gov.br
ANCINE – Agência Nacional do Cinema,http://www.ancine.gov.br,Ricardo Alves Vieira Martins,"Avenida Graça Aranha, 35, 11º andar, Centro",20030002,Rio de Janeiro,RJ,21,30376330,sic@ancine.gov.br
ANEEL – Agência Nacional de Energia Elétrica,http://www.aneel.gov.br,Alexandre de Sousa Carvalho Gouveia,"SGAN Quadra 603, Módulos ""I"" e ""J""",70830110,Brasília,DF,61,21928601,e-sic@aneel.gov.br
ANM - Agência Nacional de Mineração,http://www.dnpm.gov.br,Paulo Ribeiro de Santana,SAN Quadra 01,70041903,Brasília,DF,61,33126996,ouvidoria@dnpm.gov.br
"ANP – Agência Nacional do Petróleo, Gás Natural e Biocombustíveis",http://www.anp.gov.br/acessoainformacao,ANDRÉ GISERMAN,"AV. RIO BRANCO, 65, 22º ANDAR",20090004,Rio de Janeiro,RJ,21,21128158,sic@anp.gov.br
ANS – Agência Nacional de Saúde Suplementar,http://www.ans.gov.br/acessoainformacao,Lenise Barcellos de Mello Secchin,"Avenida Augusto Severo, 84, 9º andar, Glória",20021040,Rio de Janeiro,RJ,21,21050011,sic@ans.gov.br
ANTAQ – Agência Nacional de Transportes Aquaviários,http://www.antaq.gov.br/acessoainformacao/,Joelma Maria Costa Barbosa,"SEPN - Quadra 514 - Conjunto ""E"" - Edifício ANTAQ",70760545,Brasília,DF,61,20296590,sic@antaq.gov.br
ANTT – Agência Nacional de Transportes Terrestres,http://www.antt.gov.br/,Cesar Augusto Santiago Dias,"Setor de Clubes Esportivos Sul - SCES, lote 10, trecho 03, Projeto Orla Polo 8",70200003,Brasília,DF,61,34101400,sic@antt.gov.br
ANVISA – Agência Nacional de Vigilância Sanitária,http://portal.anvisa.gov.br/wps/portal/anvisa/anvisa/transparencia,Maria Leopoldina Malta de Sá Brandão,"Setor de Indústria e Abastecimento (SIA) - Trecho 5, Área Especial 57",71205050,Brasília,DF,61,34624373,esic@anvisa.gov.br
BACEN – Banco Central do Brasil,http://www.bcb.gov.br/acessoainformacao,Aloisio Tupinamba Gomes Neto,SBS QUADRA 03 BLOCO B ED. SEDE BRASILIA 3º Andar,70074900,Brasília,DF,61,34142793,sic@bcb.gov.br
BASA – Banco da Amazônia S.A.,http://www.bancoamazonia.com.br/acessoainformacao/,Luis Petrônio Nunes aguiar,"AV. PRESIDENTE VARGAS,800 - CAMPINAS",66017901,Belém,PA,91,40083526,sic@bancoamazonia.com.br
BB – Banco do Brasil S.A.,http://www.bb.com.br/acessoainformacao,José Eduardo Moreira Bergo,"SAUN s/n, Ed. BB, Torre Central, 14 andar",70040912,Brasília,DF,61,31024100,sic@bb.com.br
BB Tecnologia e Serviços,http://www.bbtecno.com.br,Érica Gomes dos Santos,"Estrada dos Bandeirantes, 7966.",22783110,Rio de Janeiro,RJ,21,24089665,sic@bbtecno.com.br
BBTur Viagens e Turismo Ltda,"http://www.bb.com.br/pbb/s001t015p001,503965,504506,1,1,1,1,b.bb#/",Edmilson Santana da Costa,"SBS, Quadra 2, bloco N, 12º andar - Ed. Sede II",70070120,Brasília,DF,61,32186352,sic@bbtur.com.br
BNB – Banco do Nordeste do Brasil S.A.,http://www.bnb.gov.br/acesso-a-informacao,Nicola Moreira Miccione,"Avenida Dr. Silas Munguba, 5700, Bloco C1 Superior - Passaré",60743902,Fortaleza,CE,85,32993540,sic@bnb.gov.br
BNDES – Banco Nacional de Desenvolvimento Econômico e Social,https://www.bndes.gov.br/wps/portal/site/home,Helena Tenório Veiga de Almeida,"Av. República do Chile, 100, 22º andar - Centro",20031917,Rio de Janeiro,RJ,21,37476890,sic@bndes.gov.br
BVEnergia – Boa Vista Energia S.A.,http://www.eletrobraroraima.com/internet/acesso-a-informacao/,Joaquim Roberto Rodrigues Moreira,"Avenida Capitão Ene Garcês, 691, Centro",69311160,Boa Vista,RR,95,21211407,sic@eletrobrasroraima.com
CADE – Conselho Administrativo de Defesa Econômica,http://www.cade.gov.br,Ana Luiza Lima Mahon,"SEPN 515 Conjunto D, Lote 4, Ed. Carlos Taurisano",70770504,Brasília,DF,61,32218405,sic@cade.gov.br
CAPES – Coordenação de Aperfeiçoamento de Pessoal de Nível Superior,http://www.capes.gov.br/Acesso,FABIANA SANTOS PEREIRA,SBN Quadra 02 Loco L Lote 06 5º andar Asa Norte,70040020,Brasília,DF,61,20226209,sic@capes.gov.br
CASEMG – Companhia de Armazéns e Silos do Estado de Minas Gerais,http://www.casemg.com.br,VANDA LÚCIA BATISTA,"Rua dos Goitacazes, 15 - 8º andar - Centro  Belo Horizonte",30190050,Belo Horizonte,MG,31,35198920,vanda.batista@casemg.gov.br
CBPF – Centro Brasileiro de Pesquisas Físicas,http://www.cbpf.br/acessoainformacao,Márcio Portes de Albuquerque,"R. Dr. Xavier Sigaud, 150",22290180,Rio de Janeiro,RJ,21,21417417,sic@cbpf.br
CBTU – Companhia Brasileira de Trens Urbanos,http://www.cbtu.gov.br/acessoainformacao/acessoainformacao.htm,Fabricio Marchito Mendes,"Pça. Procópio Ferreira, 86, 5º andar - Centro",20221901,Rio de Janeiro,RJ,21,37333263,sic@cbtu.gov.br
CC-PR – Casa Civil da Presidência da República,http://www.planalto.gov.br/acessoainformacao,Giovana Dias da Costa,"Palácio do Planalto, Anexo I Ala ""A"" Sala 101",70150900,Brasília,DF,61,34111791,sicplanalto@presidencia.gov.br
CDC – Companhia Docas do Ceará,http://www.docasdoceara.com.br/lai/,Amanda Gomes Braide,"PRAÇA AMIGOS DA MARINHA, S/N - MUCURIPE",60180422,Fortaleza,CE,85,32668828,sic@docasdoceara.com.br
CDP – Companhia Docas do Pará,http://www.cdp.com.br/acessoainformacao,ADENILZA DE NAZARE DIAS O' DE ALMEIDA,"AV. PRESIDENTE VARGAS, 41 - CENTRO",66010000,Belém,PA,91,31829097,sic@cdp.com.br
CDRJ – Companhia Docas do Rio de Janeiro,http://www.portosrio.gov.br/acessoainformacao,Marília de Andrade Dutra - Ouvidora Geral,RUA ACRE Nº 21 - CENTRO,20081000,Rio de Janeiro,RJ,21,22198546,sic@portosrio.gov.br
CEAGESP – Companhia de Entrepostos e Armazéns Gerais de São Paulo,http://www.ceagesp.gov.br/acessoainformacao,MARCIO NEVES SILVA,"Av. Dr. Gastão Vidigal, 1946 - Vila Leopoldina - São Paulo / SP",5316900,São Paulo,SP,11,36433870,ouvidoria@ceagesp.gov.br
CEAL – Companhia Energética de Alagoas,http://www.ceal.com.br/acessoinformacao.aspx,Gustavo Lima Novaes,"Av. Fernandes Lima, 3349, Gruta de Lourdes",57057900,Maceió,AL,82,21269200,sic@ceal.com.br
CEASA-MG – Centrais de Abastecimento de Minas Gerais S.A.,http://www.ceasaminas.com.br/acesso_inf.asp,Arlene Barros Vilela,"Rodovia BR 040 Km 688, Prédio da Administração - Ouvidoria - Guanabara",32145900,Contagem,MG,31,992810651,sic@ceasaminas.com.br
CEF – Caixa Econômica Federal,http://www.caixa.gov.br/acesso-a-informacao/Paginas/default.aspx,Arno Meyer,SBS QUADRA 4 LOTES 3/4 - 21º ANDAR,70092900,Brasília,DF,61,32066958,sic@caixa.gov.br
CEFET-MG – Centro Federal de Educação Tecnológica de Minas Gerais,,GISELE CRISTINA DE ALMEIDA SAMPAIO,"Av. Amazonas 5253, Prédio Administrativo - 2º andar - Nova Suissa",30421169,Belo Horizonte,MG,31,33197011,gisele@adm.cefetmg.br
CEFET-RJ – Centro Federal de Educação Tecnológica Celso Suckow da Fonseca,http://portal.cefet-rj.br/acesso-a-informacao.html,Úrsula Gomes Rosa Maruyama,"Av. Maracanã, 229, Bloco E - 1o andar",20271110,Rio de Janeiro,RJ,21,987785941,sic@cefet-rj.br
CEITEC/S.A. – Centro Nacional de Tecnologia Eletrônica Avançada S.A.,http://www.ceitec-sa.com/pt/acesso-informacao,Ireneo Alfaro Demanarig Jr. (Assessor Especial da Presidência),"Estrada João de Oliveira Remião, 777 - Agronomia",91550000,Porto Alegre,RS,51,32209718,acessoainformacao@ceitec-sa.com
CEPISA – Companhia Energética do Piauí,http://www.cepisa.com.br/cepisa/acesso_info.php,José Vieria dos Santos Filho,"Av. Maranhão, nº 759 - Sala 101 - Sul",64001010,Teresina,PI,86,32288282,sic2014@eletrobraspiaui.com
CERON – Centrais Elétricas de Rondônia S.A.,http://www.ceron.com.br/acessoInformacao.cfm,Francisca Jacirema Fernandes Souza,"Av. Imigrantes, Industrial",76821063,Porto Velho,RO,69,32164155,sic@ceron.com.br
CETEM – Centro de Tecnologia Mineral,http://www.cetem.gov.br/Acesso,Fernando Antonio Freitas Lins,"Av. Pedro Calmon, 900",21941908,Rio de Janeiro,RJ,21,38657228,sic@cetem.gov.br
CETENE – Centro de Tecnologias Estratégicas do Nordeste,http://www.cetene.gov.br,André Galembeck,"Av. Prof. Luiz Freire, nº 01, Cidade Universitária",50740545,Recife,PE,81,33347201,lygia.britto@cetene.gov.br
CEX – Comando do Exército,http://www.exercito.gov.br/web/guest/sic,General de Exército FERNANDO AZEVEDO E SILVA,Quartel General do Exército - Bloco A 2º ANDAR - Setor Militar Urbano,70630901,Brasília,DF,61,34156830,sic@ccomsex.eb.mil.br
CGTEE – Companhia de Geração Térmica de Energia Elétrica,http://www.cgtee.gov.br,Stéfanie Galante Duarte,"Rua Sete de Setembro, 539, Centro",90010190,Porto Alegre,RS,51,32871658,sic@cgtee.gov.br
CGU – Ministério da Transparência e Controladoria-Geral da União,http://www.cgu.gov.br/Acessoainformacao/,Wagner de Campos Rosário,"Setor de Autarquias Sul (SAS), Quadra 01, Bloco A, Edifício Darcy Ribeiro, 8º andar, Gabinete da SE",70070905,Brasília,DF,61,20207250,sic@cgu.gov.br
CHESF – Companhia Hidro Elétrica do São Francisco,http://www.chesf.gov.br/Pages/default.aspx,Daniela Aniceto de Sousa Oliveira,"Rua Delmiro Gouveia, 333, San Martin",50761901,Recife,PE,81,32292929,sic@chesf.gov.br
CMAR – Comando da Marinha,https://www.marinha.mil.br/,Contra-Almirante Luiz Roberto Cavalcanti Valicente,"ESPLANADA DOS MINISTÉRIOS, BLOCO N, ANEXO A",70055900,Brasília,DF,61,34291996,sic@marinha.mil.br
CMB – Casa da Moeda do Brasil,http://www.casadamoeda.gov.br,JORGE EDUARDO VIEIRA COSTA,RUA RENÉ BITTENCOURT - Distrito Industrial Santa Cruz,23565200,Rio de Janeiro,RJ,21,24142937,sic@cmb.gov.br
CNEN – Comissão Nacional de Energia Nuclear,http://www.cnen.gov.br,Cássia Helena Pereira Lima,"R. General Severiano, 90, sala 218, Botafogo",22294900,Rio de Janeiro,RJ,21,21732130,sic@cnen.gov.br
CNPQ – Conselho Nacional de Desenvolvimento Científico e Tecnológico,http://www.cnpq.br/web/guest/acesso-a-informacao,Maria Claudia Miranda Diogo,"SHIS QI 1 Conjunto B - Blocos A, B, C e D   Lago Sul",71605001,Brasília,DF,61,32119271,sic@cnpq.br
CODEBA – Companhia das Docas do Estado da Bahia,http://www.codeba.com.br,Adriano Dias Moraes,Avenida da França 1551 - Comércio,40010000,Salvador,BA,71,33201380,sic@codeba.com.br
CODERN – Companhia Docas do Rio Grande do Norte,http://www.codern.com.br/acessoainformacao,KAYO RODRIGO FERNANDES CARLOS DA COSTA,"AV. HILDEBRANDO DE GOIS, 220 - RIBEIRA",59010700,Natal,RN,84,40055323,sic@codern.com.br
CODESA – Companhia Docas do Espírito Santo,http://www.codesa.gov.br/acessoainformação,Ronaldo Vieira Malta,Av Getúlio vargas 556 - Centro,29010945,Vitória,ES,27,31327343,ralbert@codesa.gov.br
CODESP – Companhia Docas do Estado de São Paulo,http://www.portodesantos.com.br/acessoinformacao,Fernando Sguillaro Credidio,Av.Rodrigues Alves s/nº - Macuco,11015240,Santos,SP,13,32026557,sic@portodesantos.com.br
CODEVASF – Companhia de Desenvolvimento dos Vales do São Francisco e do Parnaíba,http://www.codevasf.gov.br/principal/acesso-a-informacao,Rita de Cássia Costa Minervino,"SGAN 601, CONJUNTO I, ED. DEP. MANOEL NOVAES, 4º ANDAR",70830901,Brasília,DF,61,20284610,ouvidoria@codevasf.gov.br
CODOMAR – Companhia Docas do Maranhão,http://www.codomar.gov.br/Acesso,KAROLINA FONSECA LIMA,"AV.BORBOREMA QUADRA 18, Nº25 - CALHAU",65071360,São Luís,MA,98,32352379,codomar@codomar.gov.br
COMAER – Comando da Aeronáutica,http://www.fab.mil.br/acessoainformacao,Brigadeiro do Ar Antonio Ramirez Lorenzo,"Esplanada dos Ministérios, bloco M",70045900,Brasília,DF,61,39669684,sicfab@fab.mil.br
CONAB – Companhia Nacional de Abastecimento,http://www.conab.gov.br/,Leonardo Portilho Fernandes de Oliveira,"SGAS 901 Bloco ""A"" Lote 69",70390010,Brasília,DF,61,33126083,sic.conab@conab.gov.br
CP II – Colégio Pedro II,http://www.cp2.g12.br/acessoainformacao,VERA LUCIA LOPES MEDALHA,"CAMPO DE SÃO CRISTÓVÃO, 177",20921903,Rio de Janeiro,RJ,21,97977078,sic@cp2.g12.br
CPRM – Companhia de Pesquisa de Recursos Minerais,http://www.cprm.gov.br/publique/Informacao-Publica/Acesso-a-Informacao-208,Cinara Santos da Silva,"Rua Costa, 55",1304010,São Paulo,SP,11,37755145,sic@cprm.gov.br
CTI – Centro de Tecnologia da Informação Renato Archer,http://www.cti.gov.br/acessoainformacao,VICTOR PELLEGRINI MAMMANA,"Rodovia D. Pedro I(SP_65), km. 143,5 - Bairro Amarrais",13069901,Campinas,SP,19,37466001,sic@cti.gov.br
CVM – Comissão de Valores Mobiliários,http://www.cvm.gov.br/menu/acesso_informacao/institucional/sobre/cvm.html,Alexandre Pinheiro dos Santos,"Rua Sete de Setembro, 111, 31º andar, Centro",20050901,Rio de Janeiro,RJ,21,35548258,sic2@cvm.gov.br
DATAPREV – Empresa de Tecnologia e Informações da Previdência,http://portal.dataprev.gov.br/acesso-informacao/institucional,Caroline Barbosa Costa,"Setor de Autarquias Sul (SAUS), Quadra 01, bloco E/F. 8º andar.",70070931,Brasília,DF,61,32073550,sic@dataprev.gov.br
DEPEN – Departamento Penitenciário Nacional,http://www.mj.gov.br/depen,Marivaldo de Castro Pereira,SCN Quadra 3 bloco B lote 120 - Ed. Victória,70064900,Brasília,DF,61,20253037,sic.depen@mj.gov.br
DNIT/MT – Departamento Nacional de Infraestrutura de Transportes,http://www.dnit.gov.br,Rafael Vidal de Abreu,"SAN Qd. 03, Bl. A, Ed. Núcleo dos Transportes",70040902,Brasília,DF,61,33154000,sic@dnit.gov.br
DNOCS – Departamento Nacional de Obras Contra as Secas,http://sic.dnocs.gov.br/portal/,Milton Alves de Sousa,"Av. Duque de Caxias, n° 1700 - Centro",60035111,Fortaleza,CE,85,32233993,sic@dnocs.gov.br
DPF – Departamento de Polícia Federal,http://www.dpf.gov.br/acessoainformacao,Sandro Luciano Caron de Moraes,"Setor de Autarquias Sul, quadra 6, lotes 9/10",70037900,Brasília,DF,61,20247940,sic@dpf.gov.br
DPRF – Departamento de Polícia Rodoviária Federal,http://www.prf.gov.br,Marcelo Aparecido Moreno,"Setor Policial, Quadra 3, Lote 5, Complexo Sede PRF.",70610509,Brasília,DF,61,20256642,sic@dprf.gov.br
EBC – Empresa Brasil de Comunicação S.A.,http://www.ebc.com.br/,Joseti Marques Xisto da Cunha,"SCS Q. 08, Bl. B 50, Ed. Super Center - Venâncio 2000 / OUVIDORIA",70333900,Brasília,DF,61,37995737,sic@ebc.com.br
EBSERH – Empresa Brasileira de Serviços Hospitalares,http://www.ebserh.gov.br/,Rodrigo da Silva Albuquerque,"Setor Comercial Sul - SCS, Quadra 09, Lote C, Ed. Parque Cidade C",70308200,Brasília,DF,61,32558940,ouvidoria@ebserh.gov.br
EBSERH - HDT/UFTO - Hospital de Doenças Tropicais da UFTO,http://www.ebserh.gov.br/web/portal-ebserh/ouvidoria-geral-ebserh,Edy César dos Passos Júnior,"Rua José de Brito Soares, Rua 1015, Setor Anhanguera, Araguaína (TO)",77000000,Araguaína,TO,63,34116005,ouvidoria.hdt@ebserh.gov.br
EBSERH - UFSCAR/SP - Hospital Universitário Professor Dr. Horácio Carlos Penepucci,http://ebserh.gov.br/web/portal-ebserh/empregados,Roger Taylor,"Rua Luiz Vaz de Camões, 111 - Vila Celina",13566448,São Carlos,SP,16,35092465,ouvidoria.hufscar@ebserh.gov.br
EBSERH/FURG - Hospital Universitário Dr. Miguel Riet Côrrea Júnior,http://www.ebserh.gov.br/web/hu-furg,Gicelda Maria Pardo Vieira,"Visconde Paranaguá, 102",96200190,Rio Grande,RS,53,32330333,ouvidoria@hu.furg.br
EBSERH-HUL - Hospital Universitário de Lagarto,,Antonio Fernando Carvalho de Andrade,"Av. Brasília S/N, Santa Terezinha, Lagarto - SE",49400000,Lagarto,SE,79,36322003,antonio.fernando@ebserh.gov.br
EBSERH-UFPR/MVFA – Maternidade Victor Ferreira do Amaral,http://www.hc.ufpr.br/,Rosemari Nunes Ferreira,"Rua General Carneiro, 181",80060900,Curitiba,PR,41,33606618,ouvidoria@hc.ufpr.br
EBSERH-UNIVASF - Hospital de Ensino Dr. Washington Antônio de Barros,http://www.ebserh.gov.br,Maria Emília Vidal Teles,Avenida José de Sá Maniçoba,56304260,Petrolina,PE,87,21016519,ouvidoria.univasf@ebserh.gov.br
ECT – Empresa Brasileira de Correios e Telégrafos,http://www.correios.com.br,Paula Ribeiro Mesaros,"SBN, Quadra 1, Bloco A - edifício-sede dos Correios, 16º andar, ala norte",70002900,Brasília,DF,61,21416345,monitoramentosic@correios.com.br
ELETROACRE – Companhia de Eletricidade do Acre,http://www.eletrobrasacre.com/acesso-a-informacao,Alice Regina Rodrigues de Souza,"Rua Valério Magalhães, 226, Bosque",69900685,Rio Branco,AC,68,32125846,sic@eletrobrasacre.com
ELETROBRÁS – Centrais Elétricas Brasileiras S.A.,http://www.eletrobras.com/Acesso,Thatiana Martins dos Santos Silva,Av. Presidente Vargas 409 / 15° andar - centro,20071003,Rio de Janeiro,RJ,21,25145898,sic@eletrobras.com
ELETRONORTE – Centrais Elétricas do Norte do Brasil S.A.,http://sites.eletronorte.gov.br/wodpress/iformacao/,Daphnee Etchebehere de Souza Pinto Braga Mendes,"SCN, Quadra 06, Conjunto A, Bloco B, entrada norte 2, Asa Norte, Shoping ID",70716901,Brasília,DF,61,34296436,sic@eletronorte.gov.br
ELETRONUCLEAR – Eletrobrás Termonuclear S.A.,http://www.eletronuclear.gov.br,Eduardo Lopes Schwartz,"Rua da Candelária, 65, Centro",20091906,Rio de Janeiro,RJ,21,25880601,sic@eletronuclear.gov.br
ELETROPAR – Eletrobrás Participações S.A.,http://www.eletrobraspar.com,Marcia Maria Magalhães Pinheiro,"Av. Marechal Floriano, 19, 15º andar - sala 1501, Centro",20080003,Rio de Janeiro,RJ,21,25145420,sic@eletrobraspar.com.br
ELETROSUL – Eletrosul Centrais Elétricas S.A.,http://www.eletrosul.gov.br/home/conteudo.php?cd=1375,Luiz Alberto de Cerqueira Cintra Filho,"Rua Deputado Antonio Edu Vieira, Nº 999, Pantanal",88040901,Florianópolis,SC,48,32317315,sic@eletrosul.gov.br
EMBRAPA – Empresa Brasileira de Pesquisa Agropecuária,https://www.embrapa.br/acessoainformacao/servico-de-informacao-ao-cidadao-sic,Zenilton de Jesus Gayoso Miranda,Parque Estação Biológica - PqEB s/n° Embrapa Sede,70770901,Brasília,DF,61,34484199,sic@embrapa.br
EMBRATUR – Instituto Brasileiro de Turismo,http://www.embratur.gov.br,Rafael Felismino,"SCN Quadra 2, Bloco G, Ed. Embratur",70712907,Brasília,DF,61,20238501,sic@embratur.gov.br
EMGEA – Empresa Gestora de Ativos,http://www.emgea.gov.br/AcessoAInformacao/Index,Paulo Alberto Brombal,"SBS Quadra 2 Bloco B, Subloja",70070902,Brasília,DF,61,32144905,acessoainformacao@emgea.gov.br
EMGEPRON – Empresa Gerencial de Projetos Navais,http://www.emgepron.com.br/acessoainformacao,NEY FURTADO DE FARIA,"Edifício Almirante Raphael de Azevedo Branco, Ilha das Cobras - Centro",20091907,Rio de Janeiro,RJ,21,39071766,sic@egpron.mar.mil.br
ENAP – Fundação Escola Nacional de Administração Pública,http://www.enap.gov.br,João Paulo Silveira,SAIS Área 2 A,70610900,Brasília,DF,61,20203087,sic@enap.gov.br
EPE – Empresa de Pesquisa Energética,http://www.epe.gov.br/acessoainformacao,Álvaro Henrique Matias Pereira,"Av. Rio Branco, 01, 11º andar - Centro",20090003,Rio de Janeiro,RJ,21,35123399,sic@epe.gov.br
EPL – Empresa de Planejamento e Logística S.A.,http://www.epl.gov.br,Patricia Gomes da Cunha,"SBN quadra 02 , Lote 04, bloco P",70040020,Brasília,DF,61,40436428,sic@epl.gov.br
ESG – Escola Superior de Guerra,http://www.esg.br/acessoainformacao/,Cel SÉRGIO LUIZ STOPATTO,"Fortaleza de São João - Av. João Luiz Alves, s/nº -  Urca",22291090,Rio de Janeiro,RJ,21,35459820,acessoainformacao@esg.br
FBN – Fundação Biblioteca Nacional,http://www.bn.gov.br,Maria Eduarda Castro Magalhães Marques,"AV. RIO BRANCO N° 219 4º andar, centro",20040008,Rio de Janeiro,RJ,21,30953813,sicbn@bn.gov.br
FCP – Fundação Cultural Palmares,http://www.palmares.gov.br/?page_id=19949,Raimundo Nonato Almeida Pereira,Quadra 601 Norte – SGAN – Lote L – Ed. ATP - 2° andar,70830010,Brasília,DF,61,34240147,sic@palmares.gov.br
FCRB – Fundação Casa de Rui Barbosa,http://www.casaruibarbosa.gov.br/interna.php?ID_S=387,RICARDO CALMON REIS DE S. SOARES,"RUA SÃO CLEMENTE 134, 1º andar, Botafogo",22260000,Rio de Janeiro,RJ,21,32894605,sic@rb.gov.br
FINEP – Financiadora de Estudos e Projetos,http://www.finep.gov.br/,KATHYA VALESKA G.AZEVEDO,"Av. República do Chile, 330-Torre Oeste-- Rio de Janeiro - RJ-17º andar",20031170,Rio de Janeiro,RJ,21,25550230,sic@finep.gov.br
FIOCRUZ – Fundação Oswaldo Cruz,http://www.fiocruz.br/acessoainformacao,MARIO SANTOS MOREIRA,"Av. Brasil, 4365, Prédio Castelo - sala 101, Manguinhos",21040360,Rio de Janeiro,RJ,21,38851812,sic@fiocruz.br
FNDE – Fundo Nacional de Desenvolvimento da Educação,http://www.fnde.gov.br/fnde/acesso-a-informacao,Maurício Cesar Marques de Carvalho,SBS Qd. 02 Bl. F Ed. FNDE,70070929,Brasília,DF,61,20224850,sic@fnde.gov.br
FUNAG – Fundação Alexandre de Gusmão,http://www.funag.gov.br/acessoainformacao,JOSE BONIFACIO GOMES DE ANDRADE JUNIOR,"Ministério das Relações Exteriores - Anexo II, Térreo, Esplanada dos Ministérios",70170900,Brasília,DF,61,20309131,sic@funag.gov.br
FUNAI – Fundação Nacional do Índio,http://www.funai.gov.br,Vilson Francisco,"SBS QD 2 Lote 14 Ed. Cleto Meireles, 11º andar",70070120,Brasília,DF,61,32476301,sic@funai.gov.br
FUNARTE – Fundação Nacional de Artes,http://www.funarte.gov.br/acessoainformacao,Reinaldo da Silva Veríssimo,"Rua da Imprensa, 16, Sala 1301, 13. Andar",20030120,Rio de Janeiro,RJ,21,22798003,sic@funarte.gov.br
FUNASA – Fundação Nacional de Saúde,http://www.funasa.gov.br/acesso-a-informacao,Marcos Antonio Silva de Almeida,Edifício PO 700 - Setor de Rádio e Televisão Norte (SRTVN) - Quadra 701 - Lote D - 1º andar - Asa Norte - Brasília/DF - CEP: 70.719-040,70070040,Brasília,DF,61,33146121,sic@funasa.gov.br
"FUNDACENTRO – Fundação Jorge Duprat Figueiredo, de Segurança e Medicina do Trabalho",http://www.fundacentro.gov.br/index.asp?D=SIC&,Erica Lui Reinhardt,"Rua Capote Valente, 710 - Pinheiros/SP",5409002,São Paulo,SP,11,30666074,erica.reinhardt@fundacentro.gov.br
FUNDAJ – Fundação Joaquim Nabuco,http://www.fundaj.gov.br/Acesso,FÁBIO LUCAS DE BARROS E SILVA,"Av. 17 de agosto, 2187, casa forte.",52071440,Recife,PE,81,30736208,sic@fundaj.gov.br
FUNRei - Fundação Universidade Federal de São João Del Rei,http://www.ufsj.edu.br/acessoainformacao,Elaine Cristina Aparecida de Souza,"Praça Frei Orlando, 170 - Centro",36307352,São João del Rei,MG,32,33732900,e-sic@ufsj.edu.br
FURG – Fundação Universidade Federal do Rio Grande,http://www.furg.br/acessoainformacao,Maria Rozana Rodrigues de Almeida,Av. Itália km 8 - Campus Carreiros -,96203900,Rio Grande,RS,53,32935450,acessoainformacao@furg.br
FURNAS – Furnas Centrais Elétricas S.A.,http://extranet/frmAlAcessoinformacao.aspx,Fernanda Marhy Lagrotta,"Rua Real Grandeza, 219, Botafogo",22281900,Rio de Janeiro,RJ,21,25284699,sic@furnas.com.br
GSI-PR – Gabinete de Segurança Institucional da Presidência da República,http://www.planalto.gov.br/acessoainformacao,Márcio Paulo Buzanelli,"Praça dos Três Poderes - Palácio do Planalto, Anexo I, Ala ""A"", Sala 101",70150900,Brasília,DF,61,34112002,sicplanalto@presidencia.gov.br
HCPA – Hospital de Clínicas de Porto Alegre,http://www.hcpa.edu.br,Armando Jose Gass,"Rua Ramiro Barcelos, 2350",90035903,Porto Alegre,RS,51,33598300,sic@hcpa.edu.br
HC-UFG – Hospital das Clínicas da UFG,http://www.ebserh.gov.br/web/hc-ufg,Sérgio Braz da Silva,"Primeira Avenida, s/n, Setor Universitário",74605020,Goiânia,GO,62,32698264,informacao.hcufg@ebserh.gov.br
HC-UFPE – Hospital das Clínicas da UFPE,http://www.ebserh.gov.br/web/hc-ufpe,ISABEL CRISTINA DE FREITAS BARROS,AV. PROF. MORAES REGO S/N - CIDADE UNIVERSITÁRIA,50670420,Recife,PE,81,21263645,ouvidoriahc@ufpe.br
HC-UFTM – Hospital de Clínicas da UFTM,http://www.uftm.edu.br/hc/acessoainformacao/,Evandro Donizeti de Souza,"Av Getulio Guarita, 130, Abadia",38025440,Uberaba,MG,34,33185000,ouvidoria@hc.uftm.edu.br
HEMOBRÁS – Empresa Brasileira de Hemoderivados e Biotecnologia,http://www.hemobras.gov.br,José Manoel do Nascimento,"Avenida Engenheiro Antônio de Góes, nº 60 (JCPM Trade Center), 11º andar, Pina",51010000,Recife,PE,81,34649603,sic@hemobras.gov.br
HFA – Hospital das Forças Armadas,http://www.hfa.mil.br/acessoainformacao/inicio/iniciolai.html,ANDRÉ LUIZ PASCHOAL,"Setor HFA, s/n - Sudoeste",70673900,Brasília,DF,61,39662502,comunicacaosocial@hfa.mil.br
HNSC – Hospital Nossa Senhora da Conceição S.A.,http://www.ghc.com.br/,Lilian Souza Strohmeier,"Av. Francisco Treim, 596 - Cristo Redentor",91350200,Porto Alegre,RS,51,33572099,cgabriel@ghc.com.br
Hospital das Clínicas da UFMG,,Patrícia Campos Chaves,"Av. Alfredo Balena, 110 - Bairro Santa Efigênia",30110100,Belo Horizonte,MG,31,34099044,ouvidoriahc@hc.ufmg.br
Hospital Escola da UFPEL,http://www.heufpel.com.br,Carla Regina Carvalho de Carvalho,"Professor Araújo, 538",96020360,Pelotas,RS,53,32844900,direcao.he@heufpel.com.br
HU/FUFMA - Hospital Universitário,http://www.huufma.br,PEDRO GERMANO NOBRE NETO,"Rua Barão de Itapary, nº 227, Centro",65020070,São Luís,MA,98,21091000,huufma@huufma.br
HU/UFGD – Hospital Universitário da Universidade Federal da Grande Dourados,http://www.hu.ufgd.edu.br,Edméia Barrios de Azambuja Gonçalves,"Rua Ivo Alves da Rocha, 558",79823501,Dourados,MS,67,34103001,ouvidoria.hu@ufgd.edu.br
HU/UFPI – Hospital Universitário da Universidade Federal do Piauí,http://www.ufpi.edu.br,Leila Leal Leite,"Campus Universitário Ministro Petrônio Portella, Bairro Ininga, sem número",64049550,Teresina,PI,86,32372060,ouvidoria.hupi@ebserh.gov.br
HU/UFS - Hospital Universitário da Universidade Federal de Sergipe,http://www.hospital.ufs.br,Jucélia Coutinho Barros Macedo,Rua Cláudio Batista s/n Bairro Cidade Nova,49060108,Aracaju,SE,79,21051859,ouvidoriahu@ufs.br
HUAB - UFRN - Hospital Universitário Ana Bezerra,http://www.ebserh.gov.br/web/huab-ufrn,DENISE SOARES DE ALMEIDA,"RUA PRAÇA TEQUINHA DE FARIAS, 13, CENTRO.",59200000,Santa Cruz,RN,84,32912324,denise.almeida@ebserh.gov.br
HUB – Hospital Universitário de Brasília,http://www.hub.ebserh.gov.br,Paulo Rodrigo Ribeiro Guimarães,"SGAN 604/605 Av. L2 Norte, Unidade 1, Asa Norte",70830200,Brasília,DF,61,20285045,ouvidoria.hub@ebserh.gov.br
HUCAM - Hospital Universitário Cassiano Antonio de Moraes,http://www.ebserh.gov.br/web/hucam-ufes,Janildes Inácio dos Santos,"Avenida Marechal Campos, 1355,  Santa Cecília",29043260,Vitória,ES,27,33357443,ouvidoria.hucam@gmail.com
HUGV-UFAM – Hospital Universitário Getúlio Vargas,http://www.hugv.ufam.edu.br,Itaciara de Oliveira Andrade,"Rua Apurinã, 04 - Praça 14 de Janeiro/Centro",69020170,Manaus,AM,92,33054813,ouvidoriahugv@ufam.edu.br
HUJBB - Hospital Universitário João de Barros Barreto,http://www.barrosbarreto.ufpa.br,José Pereira e Silva Neto,"Rua do Mundrucus, 4487 Guamá",66073000,Belém,PA,91,32016750,pereira.neto@ebserh.gov.br
HUJM-UFMT – Hospital Universitário Julio Muller,http://www.hujm.ufmt.edu,Jovanildes Fátima Silva,Rua Luiz Phelippe Pereira Leite,78048902,Cuiabá,MT,65,36157205,ouvidoria.hujm@ebserh.gov.br
HULW - Hospital Universitário Lauro Wanderley,http://www.hulw.ufpb.br,Maria José de Lima Marinho Brasileiro,Campus I – Cidade Universitária S/N,58050000,João Pessoa,PB,83,32167980,ouvidoria@hulw.ufpb.br
HUOL – Hospital Universitário Onofre Lopes,http://www.huol.ufrn.br,Nelma Gomes Bezerra,"Av. Nilo Peçanha, 620, Petrópolis",59012300,Natal,RN,84,33425000,ouvidoria@huol.ufrn.br
HUPAA - Hospital Universitário Prof. Alberto Antunes,http://www.ebserh.gov.br/web/hupaa-ufal/ouvidoria,Giselle de Souza Vicente,"Av. Lourival Melo Mota, s/n, Cidade Universitária",57072900,Maceió,AL,82,32023877,ouvidoria.hupaa@ebserh.gov.br
HUPES - Complexo Hospitalar Universitário Professor Edgard Santos,http://www.complexohupes.ufba.br/,Maralba Oliveira Santos Jordão,"Rua Augusto Viana s/n Canela – -Ba, CEP:",40110060,Salvador,BA,71,32838179,ouvidoria@hupes.ufba.br
HUSM-UFSM - Hospital Universitário de Santa Maria,http://www.ebserh.gov.br/web/husm-ufsm,Angelino Roberto França Moreira,"Av. Roraima, prédio 22, Campus Universitário, Bairro: Camobi - Santa Maria, RS",97105900,Santa Maria,RS,55,32131422,angelino.moreira@ebserh.gov.br
HU-UFJF - Hospital Universitário da Universidade Federal de Juiz de Fora,http://www.ufjf.br/hu/,Rejane Guingo Martins Ribeiro,Av. Eugênio do Nascimento s/nº,36038330,Juiz de Fora,MG,32,40095344,rejane.guingo@ufjf.edu.br
HUWC - Hospital Universitário Walter Cantídio,http://www.huwc.ufc.br,ROSA ÂNGELA DE BRITO FALCÃO,"Rua Capitão Francisco Pedro, 1290- Bairro Rodolfo Teófilo",60430372,Fortaleza,CE,85,33668620,ouvidoria@huwc.ufc.br
IBAMA – Instituto Brasileiro do Meio Ambiente e dos Recursos Naturais Renováveis,http://www.ibama.gov.br,Luis Henrique delmont,"Setor de Clube Esportivos Norte – SCEN, Trecho 2 Edifício Sede IBAMA",70818900,Brasília,DF,61,33161380,sic@ibama.gov.br
IBC – Instituto Benjamin Constant,http://www.ibc.gov.br/?catid=166&blogid=1&itemid=10281,Ana Lucia Oliveira da Silva,Avenida Pasteur 350/368 - Bairro Urca,22290240,Rio de Janeiro,RJ,21,34784447,sic@ibc.gov.br
IBGE – Fundação Instituto Brasileiro de Geografia e Estatística,http://www.ibge.gov.br/acesso/,Walid Nemer Damous Sobrinho,"Av. Franklin Roosevelt 166 202, Centro",20021120,Rio de Janeiro,RJ,21,21424629,sic@ibge.gov.br
IBICT – Instituto Brasileiro de Informação em Ciência e Tecnologia,http://www.ibict.br/servico-de-informacao-ao-cidadao-1,José Luís dos Santos Nascimento,SAS Quadra 05 Bloco H Lote 06 Asa Sul,70070912,Brasília,DF,11,32176110,sic@ibict.br
IBRAM – Instituto Brasileiro de Museus,http://www.museus.gov.br/Acessoainformacao,Ana Carolina S. Paulo,"Setor Bancário Norte, Quadra 2 Bloco N",70040020,Brasília,DF,61,35214032,sic@museus.gov.br
ICMBio – Instituto Chico Mendes de Conservação da Biodiversidade,http://www.icmbio.gov.br/acessoainformacao,José Carlos Moreira Pereira,EQSW 103/104 Complexo Administrativo Sudoeste - Bloco B - Térreo,70670350,Brasília,DF,61,33419106,sic@icmbio.gov.br
"IF BAIANO – Instituto Federal de Educação, Ciência e Tecnologia Baiano",https://www.ifbaiano.edu.br,Tamilis Mota Cerqueira,"Rua do Rouxinol, 115 - Bairro IMBUI",41720052,Salvador,BA,71,31860023,sic.ifbaiano@ifbaiano.edu.br
"IF FLUMINENSE – Instituto Federal de Educação, Ciência e Tecnologia Fluminense",http://www.iff.edu.br/acesso-a-informacao,Vinícius Chrysóstomo Silva,"Rua Coronel Walter Kramer, 357 - Parque Santo Antônio",28080565,Campos dos Goytacazes,RJ,22,27375618,sic@iff.edu.br
"IF GOIANO – Instituto Federal de Educação, Ciência e Tecnologia Goiano",http://www.ifgoiano.edu.br/home/?page_id=8707,Mariana Pirkel Tsukahara,RUA 0028A,74085010,Goiânia,GO,62,36053600,sic@ifgoiano.edu.br
"IFAC – Instituto Federal de Educação, Ciência e Tecnologia do Acre",http://www.ifac.edu.br/acessoainformação,Gírlen Nunes dos Santos,"Rua Cel. José Galdino, 495 - Bairro Bosque",69900640,Rio Branco,AC,68,21066863,sic@ifac.edu.br
"IFAL – Instituto Federal de Educação, Ciência e Tecnologia de Alagoas",http://www.ifal.edu.br,JOSÉ MAURÍCIO PEREIRA PINTO,"Rua Odilon Vasconcelos, Nº 103, Jatiuca, Maceió, Alagoas",57035350,Maceió,AL,82,31941185,mauricio.pereira@ifal.edu.br
"IFAM – Instituto Federal de Educação, Ciência e Tecnologia do Amazonas",http://www.ifam.edu.br/acessoinformacao,Reginaldo da Conceição Gomes,Rua Ferreira Pena. 1009,69025010,Manaus,AM,92,33060058,ouvidoria@ifam.edu.br
"IFAP – Instituto Federal de Educação, Ciência e Tecnologia do Amapá",http://www.ifap.edu.br,Silmara da Silva Lobato,"Rodovia BR 210, KM 03 S/N, Brasil Novo",68909398,Macapá,AP,96,91719824,sic@ifap.edu.br
"IFB – Instituto Federal de Educação, Ciência e Tecnologia de Brasília",http://www.ifb.edu.br/,Kattiucy Sousa Costa Trajano,"SGAN 610, Módulos D, E, F e G",70810100,Brasília,DF,61,21032107,ouvidoria@ifb.edu.br
"IFBA – Instituto Federal de Educação, Ciência e Tecnologia da Bahia",http://www.ifba.edu.br/institucional/acesso-a-informacao.html,Anilson Roberto Cerqueira Gomes,"Av. Araújo Pinho, 39",40110150,Salvador,BA,71,21020461,anilson@ifba.edu.br
"IFC – Instituto Federal de Educação, Ciência e Tecnologia Catarinense",http://www.ifc.edu.br,Karin Tyeko Anami,Rua das Missões nº 100 - Edificio das Missões - Bairro Ponta Aguda,89051000,Blumenau,SC,47,33317802,karin.anami@ifc.edu.br
"IFCE – Instituto Federal de Educação, Ciência e Tecnologia do Ceará",http://www.ifce.edu.br/informacao.html,Ivam Holanda de Souza,"Rua Jorge Dummar, 1703 - Jardim América",60410426,Fortaleza,CE,85,34012333,sic@ifce.edu.br
"IFES – Instituto Federal de Educação, Ciência e Tecnologia do Espírito Santo",http://www.ifes.edu.br,José Maurício Rodrigues,"Av. Rio Branco, 50, Bairro Santa Lucia",29056255,Vitória,ES,27,33577500,ouvidoria@ifes.edu.br
"IFFAR – Instituto Federal de Educação, Ciência e Tecnologia Farroupilha",http://www.iffarroupilha.edu.br/acessoainformacao,TIAGO BENETTI,"Rua Esmeralda, nº 430 - Faixa Nova - Bairro Camobi",97110767,Santa Maria,RS,55,32189800,sic@iffarroupilha.edu.br
"IFG – Instituto Federal de Educação, Ciência e Tecnologia de Goiás",http://www.ifg.edu.br/sic,Gerley Lopes Cardoso,"Avenida Assis Chateaubriand, nº 1.658. - Bairro Setor Oeste",74130012,Goiânia,GO,62,36122222,sic@ifg.edu.br
"IFMA – Instituto Federal de Educação, Ciência e Tecnologia do Maranhão",http://www.ifma.edu.br,Rebeca Reis Carvalho,"Av. Marechal Castelo Branco, nº 789 - São Francisco - São Luís-MA",65076091,São Luís,MA,98,32151809,gabinete@ifma.edu.br
"IFMG – Instituto Federal de Educação, Ciência e Tecnologia de Minas Gerais",http://www.ifmg.edu.br/index.php/acesso-a-informacao,ÂNGELA RANGEL FERREIRA TESSER,"AV.PROFESSOR MÁRIO WERNECK, 2590",30575180,Belo Horizonte,MG,31,25135103,sic@ifmg.edu.br
"IFMGSE – Instituto Federal de Educação, Ciência e Tecnologia do Sudeste de Minas Gerais",http://www.ifsudestemg.edu.br/Acesso,Gislene Gomes de Queiroz Silva,"Av. Luz Interior, lote 16, Quadra G, 9º andar",36030776,Juiz de Fora,MG,32,32574125,sic@ifsudestemg.edu.br
"IFMS – Instituto Federal de Educação, Ciência e Tecnologia do Mato Grosso do Sul",http://www.ifms.edu.br/acessoainformacao,Jane Amaral de Castro,"Rua Ceará, 972, Bairro Santa Fé",79021000,Campo Grande,MS,67,33789501,sic@ifms.edu.br
"IFMT – Instituto Federal de Educação, Ciência e Tecnologia do Mato Grosso",http://www.ifmt.edu.br,Maristela Abadia Guimarães,"Av. Senador Filinto Muller, 953,Térreo - Bairro Duque de Caxias",78043400,Cuiabá,MT,65,36164155,sic@ifmt.edu.br
"IFNMG – Instituto Federal de Educação, Ciência e Tecnologia do Norte de Minas Gerais",http://www.ifnmg.edu.br,Pedro Borges Pimenta Júnior,"Rua Coronel Luis Pires, nº. 202 - Gabinete, Centro",39400106,Montes Claros,MG,38,32013086,sic@ifnmg.edu.br
"IFPA – Instituto Federal de Educação, Ciência e Tecnologia do Pará",http://www.ifpa.edu.br,Cleide do Socorro Marcos da Silva Dias,"AV. João Paulo II, 514",66645240,Belém,PA,91,33420599,sic@ifpa.edu.br
"IFPB – Instituto Federal de Educação, Ciência e Tecnologia da Paraíba",http://www.ifpb.edu.br/acessoainformacao,Francisco Fernandes Pinheiro,"Av. João da Mata, 256, Jaguaribe.",58015020,João Pessoa,PB,83,36129704,francisco.pinheiro@ifpb.edu.br
"IFPE – Instituto Federal de Educação, Ciência e Tecnologia de Pernambuco",http://reitoria.ifpe.edu.br/acesso,JEANE ÉMILI DE MEDEIROS,"Av. Prof Luiz Freire, 500",50740540,Recife,PE,81,21251760,sic@reitoria.ifpe.edu.br
"IFPI – Instituto Federal de Educação, Ciência e Tecnologia do Piauí",http://www.ifpi.edu.br,Gilvanete Azevedo Ferreira,"Avenida Jânio Quadros, 330, Santa Isabel",64053390,Teresina,PI,86,31311425,sic@ifpi.edu.br
"IFPR – Instituto Federal de Educação, Ciência e Tecnologia do Paraná",http://reitoria.ifpr.edu.br/menu-institucional/acesso-a-informacao/,Marcelo Rodrigues da Silva,Avenida Victor Ferreira do Amaral,82530230,Curitiba,PR,41,35957623,acessoainformacao@ifpr.edu.br
"IFRJ – Instituto Federal de Educação, Ciência e Tecnologia do Rio de Janeiro",http://www.ifrj.edu.br/acessoainformacao,JOSÉ CARLOS BEKER,"RUA PEREIRA DE ALMEIDA 88, PÇA DA BANDEIRA - RJ",20260100,Rio de Janeiro,RJ,21,32936020,sic@ifrj.edu.br
"IFRN – Instituto Federal de Educação, Ciência e Tecnologia do Rio Grande do Norte",http://portal.ifrn.edu.br/acessoainformacao,Walkyria de Oliveira Rocha Teixeira,"RUA NILO BEZERRA RAMALHO, 1692 - TIROL",59015300,Natal,RN,84,40050798,sic@ifrn.edu.br
"IFRO – Instituto Federal de Educação, Ciência e Tecnologia de Rondônia",http://www.ifro.edu.br/Acessoainformacao,Maria Fabiola Moraes da Assumpcao Santos,"Av. Governador Jorge Teixeira, 3500 - Bairro Setor Industrial",76821064,Porto Velho,RO,69,2182965,prodin@ifro.edu.br
"IFRR – Instituto Federal de Educação, Ciência e Tecnologia de Roraima",http://www.ifrr.edu.br/acessoainformacao,Leidilene Moura Sindeaux,"Rua Fernão Dias Paes Leme, 11 - Calungá",69303220,Boa Vista,RR,95,36241702,sic@ifrr.edu.br
"IFRS – Instituto Federal de Educação, Ciência e Tecnologia do Rio Grande do Sul",http://www.ifrs.edu.br/acessoainformacao,Amilton de Moura Figueiredo,"Rua General Osório, 348 - Gabinete da Reitoria - Centro",95700086,Bento Gonçalves,RS,54,34493343,sic@ifrs.edu.br
"IFSC – Instituto Federal de Educação, Ciência e Tecnologia de Santa Catarina",http://www.ifsc.edu.br,Adriana Braga Gomes,Rua 14 de Julho 150 - Enseada dos marinheiros - Bairro Coqueiros,88075010,Florianópolis,SC,48,38779082,sic@ifsc.edu.br
"IFSE – Instituto Federal de Educação, Ciência e Tecnologia de Sergipe",http://www.ifs.edu.br/,FERNANDO FONTES SANTOS,"Avenida Jorge Amado, 1551 - Loteamento Garcia Bairro Jardins",49025330,Aracaju,SE,79,37111402,ouvidoria.reitoria@ifs.edu.br
"IFSP – Instituto Federal de Educação, Ciência e Tecnologia de São Paulo",http://www.ifsp.edu.br/acessoainformacao,ANDRÉ LUIZ DA SILVA,"R. Pedro Vicente, 625, Canindé",1109010,São Paulo,SP,11,37754597,autoridadesic@ifsp.edu.br
"IFSPE – Instituto Federal de Educação, Ciência e Tecnologia do Sertão Pernambucano",http://www.ifsertao-pe.edu.br/acessoainformacao/,Maria Dionisia dos Santos,"Rua Cel. Amorim, nº 76",56302320,Petrolina,PE,87,21012387,dionisia.santos@ifsertao-pe.edu.br
"IFSul – Instituto Federal de Educação, Ciência e Tecnologia Sul-Rio-Grandense",http://www.ifsul.edu.br/,Adriane Maria Delgado Menezes,"Gonçalves Chaves, 3218",96015560,Pelotas,RS,53,30266062,sic@ifsul.edu.br
"IFSULDEMINAS – Instituto Federal de Educação, Ciência e Tecnologia do Sul de Minas Gerais",http://www.ifsuldeminas.edu.br/acessoainformacao,Joarle Soares Magalhães,"Avenida Vicente Simões, 1111 - Bairro Nova Pouso Alegre",37550000,Pouso Alegre,MG,35,34496197,chefedegabinete@ifsuldeminas.edu.br
"IFTM – Instituto Federal de Educação, Ciência e Tecnologia do Triângulo Mineiro",http://www.iftm.edu.br/acesso-a-informacao/sic/,Cinthia Franzin Sousa,Av. Doutor Randolfo Borges Júnior nº 2900 – Univerdecidade,38064300,Uberaba,MG,34,33261134,sic@iftm.edu.br
"IFTO – Instituto Federal de Educação, Ciência e Tecnologia do Tocantins",http://www.ifto.edu.br,Joelma Oliveira Lima,"Avenida Joaquim Teotônio Segurado, Quadra 202 sul, ACSU-SE 20, Conjunto 01, Lote 08 Plano Diretor Sul Palmas, Tocantins - Brasil",77020450,Palmas,TO,63,32292200,sic@ifto.edu.br
IMBEL – Indústria de Material Bélico do Brasil,http://www.imbel.gov.br,AMERICO PAYSAN VALDETARO FILHO,IMBEL-QGEx - Bloco H - 3º andar - SMU,70630901,Brasília,DF,61,34155825,sic@imbel.gov.br
IN – Imprensa Nacional,http://www.in.gov.br/Acesso,ALEXANDRE MIRANDA MACHADO,SIG Quadra 6 Lote 800,70610460,Brasília,DF,61,34419806,sic@in.gov.br
INB – Indústrias Nucleares do Brasil S.A.,http://www.inb.gov.br,Mário Teixeira de Moura,"Rod. Presidente Dutra, Km 330",27555000,Resende,RJ,24,33218654,sic@inb.gov.br
INCRA – Instituto Nacional de Colonização e Reforma Agrária,http://www.incra.gov.br/SIC,Fabíola Navajas Moreira,"SBN, Edifício Palácio do Desenvolvimento, 18º andar, sala 1813",70057900,Brasília,DF,61,34117208,sic.lai@incra.gov.br
INEP – Instituto Nacional de Estudos e Pesquisas Educacionais Anísio Teixeira,http://portal.inep.gov.br/web/acesso-a-informacao/,Giovanni Silva Paiva,"Ouvidoria - SIG Quadra 4, Lote 327, Térreo, Ala B, Centro Corporativo Villa Lobos",70610908,Brasília,DF,61,20223044,sic@inep.gov.br
INES – Instituto Nacional de Educação de Surdos,http://www.ines.gov.br/institucional/Paginas/transparenciapublica.aspx,MARCELO FERREIRA DE VASCONCELOS CAVALCANTI,"RUA DAS LARANJEIRAS, 232 - Bairro Laranjeiras",22240003,Rio de Janeiro,RJ,21,22855107,dirge@ines.gov.br
INFRAERO – Empresa Brasileira de Infra-Estrutura Aeroportuária,http://www.infraero.gov.br/index.php/br/acesso-a-informacao.html,SHIRLEIDE MORETO DE LIMA XAVIER,"Estrada Parque Aeroporto, Lote 5, Ed. Sede, Setor de Concessionárias e Locadoras",71608050,Brasília,DF,61,33123483,sic@infraero.gov.br
"INMETRO – Instituto Nacional de Metrologia, Qualidade e Tecnologia",http://inmetro.gov.br/acessoainformacao/,MARCIA ANDREIA DA SILVA ALMEIDA,"Rua Santa Alexandrina, 416 – Térreo",20261232,Rio de Janeiro,RJ,21,25632951,sic@inmetro.gov.br
INPA – Instituto Nacional de Pesquisas da Amazônia,http://www.inpa.gov.br,JOSÉ LAURINDO CAMPOS DOS SANTOS,"Avenida Andre Araújo, 2936 - Bairro Aleixo",69060001,Manaus,AM,92,36433036,sic@inpa.gov.br
INPE-MCT – Instituto Nacional de Pesquisas Espaciais,http://www.inpe.br/acessoainformacao,Maria Virgínia Alves,"Av. dos Astronautas, 1758 - Bairro Jardim da Granja",12227010,São José dos Campos,SP,12,32086034,sic@inpe.br
INPI – Instituto Nacional da Propriedade Industrial,http://www.inpi.gov.br/acessoainformação,Marcos Ferreira dos Santos Jaron,"Rua São Bento, nº 1 - Centro",20090010,Rio de Janeiro,RJ,21,30373103,sic@inpi.gov.br
INSA – Instituto Nacional do Semi-Árido,http://www.insa.gov.br/acessoainformacao/,Andreia Ponciano de Moraes,"Avenida Francisco Lopes de Almeida S/N, bairro Serrotão",58429970,Campina Grande,PB,83,21046404,sic@insa.gov.br
INSS – Instituto Nacional do Seguro Social,https://portal.inss.gov.br/servico-de-informacao-ao-cidadao-sic/,SERGIO CADO PRADO,SAUS QUADRA 2 BLOCO O 9º ANDAR SALA 901,70070946,Brasília,DF,61,33134065,sic@inss.gov.br
INT – Instituto Nacional de Tecnologia,http://www.int.gov.br/,Denise dos Santos Pacheco,"AV. Venezuela, 82. Sala 416, Bairro Saúde",20081312,Rio de Janeiro,RJ,21,21231278,sic.int@int.gov.br
IPEA – Fundação Instituto de Pesquisa Econômica Aplicada,http://www.ipea.gov.br,Ronald do Amaral Menezes,"SBS Q 01 -  Bl. ""J"" ED. BNDES 18 º ANDAR sala 1811",70076900,Brasília,DF,61,20265261,sic@ipea.gov.br
IPHAN – Instituto do Patrimônio Histórico e Artístico Nacional,http://portal.iphan.gov.br/,Liliane Rodrigues de Araujo,SEPSul EQ 713/913 lote D,70390135,Brasília,DF,61,20245510,sic@iphan.gov.br
ITI – Instituto Nacional de Tecnologia da Informação,http://www.iti.gov.br/twiki/bin/view/Main/acessoainformacao,EDMAR DA SILVA ARAÚJO,SCN Quadra 2 Bloco E - Térreo,70712905,Brasília,DF,61,34243830,sic_iti@iti.gov.br
JBRJ – Instituto de Pesquisas Jardim Botânico do Rio de Janeiro,http://www.jbrj.gov.br/acessoainformacao/acesso.html,Luciana Oertel Lancellotti,"Rua Pacheco Leão, 915 - Gabinete",22460030,Rio de Janeiro,RJ,21,32042523,sic@jbrj.gov.br
LNA – Laboratório Nacional de Astrofísica,http://www.lna.br/Acesso,Clemens Darvin Gneiding,"Rua Estados Unidos, 154",37504364,Itajubá,MG,35,36298104,sic@lna.br
LNCC-MCT – Laboratório Nacional de Computação Científica,http://www.lncc.br,Pedro Leite da Silva Dias,"Av. Getúlio Vargas, 333, Quitandinha",25651075,Petrópolis,RJ,24,22336004,sic@lncc.br
"MAPA – Ministério da Agricultura, Pecuária e Abastecimento",http://www.agricultura.gov.br/Acesso,EUMAR ROBERTO NOVACKI,"Esplanada dos Ministérios, Bloco ""D"", 9º andar",70043900,Brasília,DF,61,32182961,sic.mapa@agricultura.gov.br
MAST – Museu de Astronomia e Ciências Afins,http://www.mast.br/sic_acesso_a_informacao.html,Anelise Pacheco,Rua Gal. Bruce 586,20921030,Rio de Janeiro,RJ,21,35145201,sic@mast.br
MCA/UFBA - Maternidade Climerio de Oliveira,http://www.mco.ufba.br,Maria Jacinta Pereira Veloso,"Rua do Limoeiro ,137,Nazaré",40055150,Salvador,BA,71,32839200,secretaria.mco@ufba.br
MCIDADES – Ministério das Cidades,http://www.acessoainformacao.gov.br/sistema/,Marcelo Montalvão Reis,"SAUS, Quadra 01, Lote 01/06, Edifício Telemundi II, Bloco H, 14º andar",70070010,Brasília,DF,61,21081748,sic@cidades.gov.br
"MCTIC – Ministério da Ciência, Tecnologia, Inovações e Comunicações",http://www.mctic.gov.br,Carlos Alberto Ayupe Vitoi,"Esplanada dos Ministérios, Bloco E sala 500",70067900,Brasília,DF,61,20337622,sic@mctic.gov.br
MD – Ministério da Defesa,http://www.defesa.gov.br/apresentacao,Franselmo Araújo Costa,Esplanada dos Ministérios - Bloco “Q” 1º andar,70049900,Brasília,DF,61,33124224,sic@defesa.gov.br
MDA – Ministério do Desenvolvimento Agrário,http://www.mda.gov.br,Sandra Maria de Oliveira,"Setor Bancário Norte - SBN, Quadra 1, Bloco D, Edifício Palácio do Desenvolvimento, 2º e 6º Andares, Brasília/DF",70057900,Brasília,DF,61,20200822,oksana.guskow@mda.gov.br
MDH – Ministério dos Direitos Humanos,http://www.sdh.gov.br/sobre/acesso-a-informacao,Érica Bezerra Queiroz Ribeiro,"Setor Comercial Sul - B, Quadra 9, Lote C, Ed. Parque Cidade Corporate, Torre ""A"", 10º andar",70308200,Brasília,DF,61,20273900,sic@mdh.gov.br
"MDIC - Ministério da Indústria, Comércio Exterior e Serviços",http://www.mdic.gov.br//sitio/interna/interna.php?area=1&menu=3466,ALEXSANDRO MAIRINK HOFFMAN,"Esplanada dos Ministérios, Bloco ""J"", Sala 804, 8º andar",70053900,Brasília,DF,61,20278286,sic@mdic.gov.br
MDS – Ministério do Desenvolvimento Social,http://www.mds.gov.br/Acessoainformacao,Tatiana Barbosa de Alvarenga,"Esplanada dos Ministérios, Bloco A",70046900,Brasília,DF,61,20301430,sic@mds.gov.br
ME – Ministério do Esporte,http://www.esporte.gov.br,Nádia Araújo Rodrigues,"Setor de Indústrias Gráficas-SIG – Q. 4 – L. 83, Centro Empresarial Capital Center - Bloco C Sala 9",70610440,Brasília,DF,61,32171962,sic@esporte.gov.br
MEAC - Maternidade Escola Assis Chateaubriand,http://www.meac.ufc.br/,EDILENE MARIA VASCONCELOS RIBEIRO,"Rua Coronel Nunes de Melo, S/N Rodolfo Teófilo",60430270,Fortaleza,CE,85,33668572,ouvidoria.meac@ebserh.gov.br
MEC – Ministério da Educação,http://portal.mec.gov.br/index.php,Felipe Sartori Sigollo,"Esplanada dos Ministérios Bl. L  ed. Sede, 7º andar",70047900,Brasília,DF,61,20227850,sic@mec.gov.br
MEJC - Maternidade Escola Januário Cicco UFRN,http://www.ebserh.gov.br,Antônio Sérgio Mesquita da Silva,"Av. Nilo Peçanha, 259 – Petrópolis",59012300,Natal,RN,84,92240080,ouvidoria.mejc@ebserh.gov.br
MF – Ministério da Fazenda,http://www.fazenda.gov.br/,Carlos Augusto Moreira Araujo,SAS Quadra 6 - Bloco O - Ed. Órgãos Centrais - 2º andar,70070917,Brasília,DF,61,34125064,sic.mf@fazenda.gov.br
MGEP-MCT – Museu Paraense Emílio Goeldi,http://www.museu-goeldi.br,Pablo Cristiano da Silva Borges,"Avenida Magalhães Barata, 376 - São Brás",66040170,Belém,PA,91,32176061,ouvidoria@museu-goeldi.br
MI – Ministério da Integração Nacional,http://www.integracao.gov.br/Acesso,Sérgio Nogueira Seabra,"Esplanada dos Ministérios, Bloco E, 6º andar, sala 612",70067901,Brasília,DF,61,20345700,sic@integracao.gov.br
MinC – Ministério da Cultura,http://www.cultura.gov.br/Acesso,CARLOS ALBERTO BATISTA DA SILVA JÚNIOR,"Esplanada dos Ministérios, Bloco B, 3º andar.",70068900,Brasília,DF,61,20242496,sic@cultura.gov.br
MJ – Ministério da Justiça,http://www.justica.gov.br/Acesso/institucional,José Levi Mello do Amaral Júnior,"Esplanada dos Ministérios, Bloco ""T"", 3º andar, Sala 300-A",70064900,Brasília,DF,61,20253277,sic@mj.gov.br
MMA – Ministério do Meio Ambiente,http://www.mma.gov.br/Acesso,Marcos Mesquita Filho,"Esp. dos Ministérios, Bloco “B”, 5º andar, sala 536, Edifício Sede do Ministério do Meio Ambiente",70068900,Brasília,DF,61,20281525,sic@mma.gov.br
MME – Ministério de Minas e Energia,http://www.mme.gov.br,Edison Freitas de Oliveira,"Esplanada dos Ministérios bloco ""U"" - 8º andar",70065900,Brasília,DF,61,20325258,sic@mme.gov.br
"MP – Ministério do Planejamento, Desenvolvimento e Gestão",http://www.planejamento.gov.br/Acessoainformacao,RODRIGO FONTENELLE DE ARAÚJO MIRANDA,"Esplanada dos Ministérios, Bl.K, sala 637",70040906,Brasília,DF,61,20204625,sic@planejamento.gov.br
MRE – Ministério das Relações Exteriores,http://www.itamaraty.gov.br,Marcos Bezerra Abbott Galvão,"Esplanada dos Ministérios Bloco H, Palácio - 2º andar",70170900,Brasília,DF,61,20306775,sic@itamaraty.gov.br
MS – Ministério da Saúde,http://www.saude.gov.br/acessoainformacao,Gerlane Baccarin,"Ministério da Saúde, Bloco G, Edifício Sede, Terreo",70058900,Brasília,DF,61,33153613,sic@saude.gov.br
MT – Ministério do Trabalho,http://trabalho.gov.br/,Maria Teresa Silva,"Esplanada dos Ministérios, Bloco F, Edifício Anexo, Ala A, Térreo, Sala TA-13",70056900,Brasília,DF,61,20316647,sic@mte.gov.br
"MTPA – Ministério dos Transportes, Portos e Aviação Civil",http://www.transportes.gov.br/servico-de-informacao-ao-cidadao-sic.html,Augusto Cesar Carvalho Barbosa de Souza,"Esplanada dos Ministérios , 4º andar - sala 409",70044900,Brasília,DF,61,20297505,sic@transportes.gov.br
MTur – Ministério do Turismo,http://www.turismo.gov.br/acessoainformacao,Ana Lucia de Passos Curado,"Esplanada dos Ministérios, Ministério do Turismo, bloco U",70716900,Brasília,DF,61,20238001,sic@turismo.gov.br
NHU - UFMS - Hospital Universitário Maria Aparecida Pedrossian,http://ebserh.gov.br/web/humap-ufms,Diego Henrique de Souza Rezende,"Av.: Senador Filinto Muller, 355 - Vl. Ipiranga",79080190,Campo Grande,MS,67,33453394,ouvidoria.humap@ebserh.gov.br
NUCLEP – Nuclebrás Equipamentos Pesados S.A.,http://nuclep.gov.br/info#sic,Leonardo Rodrigues de Guimaraes,"Av. Gen. Euclydes de Oliveira Figueiredo, 200",23825410,Itaguaí,RJ,21,37814303,sic@nuclep.gov.br
ON-MCT – Observatório Nacional,http://www.on.br/,Alba Lívia Tallon Bozi,"Rua General José Cristino, 77, Bairro São Cristovão",20901400,Rio de Janeiro,RJ,21,25802681,sic@on.br
PETROBRAS – Petróleo Brasileiro S.A.,http://www.petrobras.com.br/acessoainformacao/,Mário Vinícius Claussen Spinelli,"Av. República do Chile 65, 11 andar - sala 1101 - Centro",20031912,Rio de Janeiro,RJ,21,32241025,sic@petrobras.com.br
PR – Presidência da República,http://www.planalto.gov.br/acessoainformacao,Edson Leonardo Dalescio Sá Teles,"Palácio do Planalto, Anexo I Ala ""A"" Sala 101",70150900,Brasília,DF,61,34115965,sicplanalto@presidencia.gov.br
Pré-Sal Petróleo S.A - Empresa Brasileira de Administração de Petróleo e Gás Natural S.A.,http://www.presalpetroleo.gov.br,Leandro Leme Junior,"Setor Bancário Sul Quadra 02 Bloco E, Edifício Prime 206/14º andar",70070120,Brasília,DF,61,30419593,presidencia@ppsa.gov.br
PREVIC – Superintendência Nacional de Previdência Complementar,http://www.previc.gov.br/,Nádia de Moura Chagas Souza,"SCN, Quadra 6, Ed. Venâncio 3000, Conjunto A, 12º andar",70716900,Brasília,DF,61,20212029,previc.sic@previc.gov.br
SECOM-PR – Secretaria de Comunicação Social da Presidência da República,http://www.planalto.gov.br/acessoainformacao,Maria Lúcia Valadares e Silva,"Praça dos Três Poderes - Palácio do Planalto, Anexo I, Ala ""A"", Sala 101",70054900,Brasília,DF,61,34112201,sicplanalto@presidencia.gov.br
SEGOV/PR - Secretaria de Governo da Presidência da República,http://www.secretariadegoverno.gov.br/,Edson Leonardo Dalescio Sá Teles,"Praça dos Três Poderes, Palácio do Planalto, Anexo I, Ala A, sala 101",70150900,Brasília,DF,61,34115964,sicplanalto@presidencia.gov.br
SERPRO – Serviço Federal de Processamento de Dados,http://www.serpro.gov.br/acessoainformacao/.,Karina da Costa Bruno,SGAN Quadra  601 Modulo V - L2 norte,70836900,Brasília,DF,61,20218365,sic@serpro.gov.br
SFB – Serviço Florestal Brasileiro,http://www.florestal.gov.br/acesso-a-informacao/acesso-a-informacao-sfb,Benvindo Belluco,"SCEN Trecho 2, bloco H, Serviço Florestal Brasileiro",70818900,Brasília,DF,61,20287120,sic@florestal.gov.br
SGPR – Secretaria-Geral da Presidência da República,http://www.planalto.gov.br/acessoainformacao,Edson Leonardo Dalescio de Sá Teles,"Palácio do Planalto, Anexo I, Ala ""A"", Sala 101",70150900,Brasília,DF,61,34112201,sicplanalto@presidencia.gov.br
SUDAM – Superintendência do Desenvolvimento da Amazônia,http://www.sudam.gov.br/,Robson Ferreira da Silva,"Av. Almirante Barroso, 426 - Bairro: Marco",66093906,Belém,PA,91,40085531,ouvidoria@sudam.gov.br
SUDECO – Superintendência de Desenvolvimento do Centro-Oeste,http://www.sudeco.gov.br/,Marcia Cristina da Silva de Castro,"SBN, Quadra 1, Bloco F, 19º andar",70040908,Brasília,DF,61,32518500,sic@sudeco.gov.br
SUDENE – Superintendência do Desenvolvimento do Nordeste,http://www.sudene.gov.br,Paulo Dias Campêlo,"Av. Eng. Domingos Ferreira, 1967, Boa Viagem",51111021,Recife,PE,81,21022108,sic@sudene.gov.br
SUFRAMA – Superintendência da Zona Franca de Manaus,http://www.suframa.gov.br/acessoainformacao/,Ana Maria Oliveira de Souza,"Av. Ministro Mário Andreazza, 1.424",69705830,Manaus,AM,92,33217045,ouvidoria@suframa.gov.br
SUSEP – Superintendência de Seguros Privados,http://www.susep.gov.br/menu/acesso-a-informacao,Alexandre Penner,"Av. Presidente Vargas, 730, 13º andar - Centro",20071900,Rio de Janeiro,RJ,21,32334119,sic@susep.gov.br
TELEBRÁS – Telecomunicações Brasileiras S.A.,http://www.telebras.com.br/Acesso,Alberto Angerami,"SIG QD 4, Bloco A, Ed. Capital Financial Center, 2º andar, sala 218",72610440,Brasília,DF,61,20271161,sic@telebras.com.br
TRENSURB – Empresa de Trens Urbanos de Porto Alegre S.A.,http://www.trensurb.gov.br/Acesso,Carlos Augusto Belolli de Almeida,"Av. Ernesto Neugebauer, 1985 - Humaitá",90250140,Porto Alegre,RS,51,33638552,sic@trensurb.gov.br
UFABC – Fundação Universidade Federal do ABC,http://www.ufabc.edu.br,Não Consta nomeação,"Av. dos Estados, 5001.  sala Ss13 - Bairro Bangu",9210580,Santo André,SP,11,33567070,sic@ufabc.edu.br
UFAC – Fundação Universidade Federal do Acre,http://www.ufac.br/acessoainformacao,Daniel Cícero Gonçalves Pena,"Conjunto Manoel Julião, quadra 2 casa 16 - Rua Luiz Z da Silva, 115 - Bairro Rua Isaura Parente",69918452,Rio Branco,AC,68,39012565,sic@ufac.br
UFAL – Universidade Federal de Alagoas,http://www.ufal.edu.br/transparencia/acesso-a-informacao,Jouber de Lima Lessa,"Campus A. C. Simões - Av. Lourival Melo Mota, s/n",57072900,Maceió,AL,82,32141859,sic@ufal.br
UFAM – Fundação Universidade do Amazonas,http://sic.ufam.edu.br/,Carlos Moisés Medeiros,"Av. Rodrigo Otávio Jordão Ramos, 6.200 - Setor Norte do Campus Universitário Senador Arthur Virgílio Filho - Prédio do Centro Administrativo - 2º Andar (sala da Ouvidoria)",69080900,Manaus,AM,92,33051491,sic_ufam@ufam.edu.br
UFBA – Universidade Federal da Bahia,http://www.ufba.br,Eduardo Luiz Andrade Mota,"Rua  Augusto Viana,s/n, Reitoria/Campus do Canela",40110100,Salvador,BA,71,987071002,sic@ufba.br
UFC – Universidade Federal do Ceará,http://www.acessoainformacao.ufc.br,Geovana Maria Cartaxo de Arruda Freire,"Av. da Universidade, nº 2995 - Benfica",60020181,Fortaleza,CE,85,33667339,sicgeral@ufc.br
UFCA - Universidade Federal do Cariri,http://www.ufca.edu.br/portal/,Aretuza Sousa Tenorio,Av. Tenente Raimundo Rocha S/N - Bairro Cidade Universitária,63048080,Juazeiro do Norte,CE,88,32219485,acessoainformacao@ufca.edu.br
UFCG – Universidade Federal de Campina Grande,http://www.ufcg.edu.br/acessoainformacao/,Adriano Fernandes Ferreira,"Av.  Aprígio Veloso, 882 - Bairro Bodocongó",58429140,Campina Grande,PB,83,21011585,sic@ufcg.edu.br
UFCSPA – Fundação Universidade Federal de Ciências da Saúde de Porto Alegre,http://www.ufcspa.edu.br/acessoainformacao,EVELISE FRAGA DE SOUZA SANTOS,"SARMENTO LEITE, 245 - Bairro Centro",90050170,Porto Alegre,RS,51,33038901,sic@ufcspa.edu.br
UFERSA-RN – Universidade Federal Rural do Semi-Árido,https://www2.ufersa.edu.br/portal/divisoes/sic,Carlos Eugênio da Siva Neto,"FRANCISCO MOTA, 572",59625900,Mossoró,RN,84,33178249,sic@ufersa.edu.br
UFES – Universidade Federal do Espírito Santo,http://www.ufes.br/,Aureo Banhos dos Satnos,"Av. Fernando Ferrari, 514, Campus de Goiabeiras, Universidade Federal do Espírito Santo, Bairro Goiabeiras, Vitória-ES",29075910,Vitória,ES,27,40092209,sic@ufes.br
UFESBA - Universidade Federal do Sul da Bahia,http://www.ufsb.edu.br,Fabio Rodrigues Corniani,"Rua Itabuna, s/n, Rod. Ilhéus-Vitória da Conquista, km 39, BR 415, Ferradas",45613204,Itabuna,BA,73,36163380,sic@ufsb.edu.br
UFF – Universidade Federal Fluminense,http://www.uff.br/acessoainformacao,Martha de Luca,"Rua Miguel de Frias, 9, sala 701",24220008,Niterói,RJ,21,26295321,sic@id.uff.br
UFFS – Universidade Federal da Fronteira Sul,http://www.uffs.edu.br/index.php?option=com_content&view=article&id=2335&Itemid=1494&site=SIC,Valdir Prigol,"Av. Getúlio Vargas, 609 - Bairro Centro",89812000,Chapecó,SC,49,84357097,valdirprigol@uffs.edu.br
UFG – Universidade Federal de Goiás,http://www.sic.ufg.br,Heloísa Esser dos Reis,"Universidade Federal de Goiás – UFG – Centro de Informação, Documentação e Arquivo - Câmpus Samambaia (Câmpus II)",74001970,Goiânia,GO,62,35211089,sic@ufg.br
UFGD – Fundação Universidade Federal da Grande Dourados,http://portal.ufgd.edu.br/setor/acessoainformacao,Ariane Rigotti,"Rua João Rosa Goes, nº 1761, Vila Progresso, Caixa Postal 322",79825070,Dourados,MS,67,34102754,sic@ufgd.edu.br
UFJF – Universidade Federal de Juiz de Fora,http://www.ufjf.br/acessoainformacao,Márcio de Oliveira Guerra,Rua José Lourenço Kelmer - s/n - Campus Universitário - São Pedro,36036900,Juiz de Fora,MG,32,988882418,sic@ufjf.edu.br
UFLA – Universidade Federal de Lavras,http://www.ufla.br/acessoainformacao,REGINALDO FERREIRA DE SOUZA,"Prédio da Reitora, Câmpus Universitário, Caixa Postal 3037",37200000,Lavras,MG,35,21422176,sic@reitoria.ufla.br
UFMA – Fundação Universidade Federal do Maranhão,http://www.ufma.br,JOSE RIBAMAR SANTANA NETTO,"Av. dos Portugueses, 1966 Bacanga - Cidade Universitária Dom Delgado",65080805,São Luís,MA,98,32728803,sic@ufma.br
UFMG – Universidade Federal de Minas Gerais,http://www.ufmg.br/acessoainformacao,Maria Aparecida Moura,"Av. Presidente Antônio Carlos 6627, 4º andar - Prédio da Biblioteca Central - Pampulha",31270901,Belo Horizonte,MG,31,34093872,sic@ufmg.br
UFMS – Fundação Universidade Federal de Mato Grosso do Sul,http://www.ufms.br/acessoainformacao,FERNANDO LOPES NOGUEIRA,"GABINETE DA REITORIA, CIDADE UNIVERSITÁRIA S/Nº, CAIXA POSTAL 549",79070900,Campo Grande,MS,67,33457983,ouvidoria.rtr@ufms.br
UFMT – Fundação Universidade Federal de Mato Grosso,http://www.ufmt.br/acessoainformacao,ALEXANDRE MARTINS DOS ANJOS,"Av. Fernando Correa da Costa, 2.367 - Campus Cuiabá - Bairro Boa Esperança",78060900,Cuiabá,MT,65,36158019,sic@ufmt.br
UFOB - Universidade Federal do Oeste da Bahia,http://www.ufob.edu.br/,Danilo de Azevedo Pinto,"Rua Prof. José Seabra de Lemos, 316 – Recanto dos Pássaros",47808021,Barreiras,BA,77,36143505,sic@ufob.edu.br
UFOP – Fundação Universidade Federal de Ouro Preto,http://www.ufop.br/accessoainformacao,Zenóbio dos Santos Júnior,"Rua Diogo de Vasconcelos, 122 - Bairro Pilar",35400000,Ouro Preto,MG,31,35591379,sic@ufop.br
UFOPA – Universidade Federal do Oeste do Pará,http://acessoainformacao.ufopa.edu.br/,Janete Aparecida de Sousa,"Av. Mendonça Furtado, nº 2946 - Fátima, sala 100.",68040470,Santarém,PA,93,21016771,sic@ufopa.edu.br
UFPA – Universidade Federal do Pará,http://www.portal.ufpa.br/index.php,APOLINARIO ALVES FILHO,"Rua Augusta Corrêa nº 01, Campus Universitário - Prédio da Reitoria 3º Andar",66075110,Belém,PA,91,82721212,sic@ufpa.br
UFPB – Universidade Federal da Paraíba,http://www2.ufpb.br,Elizete Ventura do Monte,UFPB - PROPLAN - CAMPUS I - Prédio da Reitoria- 3º andar,58059900,João Pessoa,PB,83,32167557,sic@ufpb.br
UFPE – Universidade Federal de Pernambuco,https://www.ufpe.br/acessoainformacao/,Décio Fonseca,"Av. Professor Moraes Rego, 1235, Prédio da Biblioteca Central - 2º andar - PROCIT",50670901,Recife,PE,81,21268429,sic@ufpe.br
UFPel – Fundação Universidade Federal de Pelotas,http://www.ufpel.edu.br/acessoainformacao,PAULO DE ALMEIDA AFONSO,"Rua Gomes Carneiro, 01 Campus Porto - Centro",96010610,Pelotas,RS,53,32843956,sic@ufpel.edu.br
UFPI – Fundação Universidade Federal do Piauí,http://www.ufpi.br,Marineves Saraiva de Arêa Leão Sousa,Campus Universitário Ministro Petrônio Portella - Bairro Ininga - Coordenadoria de Comunicação Social,64049550,Teresina,PI,86,32155511,ouvidoria@ufpi.edu.br
UFPR – Universidade Federal do Paraná,http://www.sic.ufpr.br,MARCELO LUIZ CURADO,"Av. Pref. Lothario Meisner, 632 - 1o. Andar - Campus III - Jardim Botãnico",80210170,Curitiba,PR,41,33664472,sic@ufpr.br
UFRA – Universidade Federal Rural da Amazônia,http://www.portal.ufra.edu.br/index.php/Table/Acesso-a-Informacao/,JOELDEN ROBERTO ALVES DA ROCHA,"Avenida Presidente Tancredo Neves,2501 - Terra Firme",66077580,Belém,PA,91,991458313,ouvidoria@ufra.edu.br
UFRB – Universidade Federal do Recôncavo da Bahia,http://www.ufrb.edu.br/acessoainformacao,Andreia da Silva Correia,"Rua Rui Barbosa, 710",44380000,Cruz das Almas,BA,75,36214015,sic@ufrb.edu.br
UFRGS – Universidade Federal do Rio Grande do Sul,http://www.ufrgs.br/ufrgs/acessoainformacao,ANA MARIA E SOUZA BRAGA,"Av. Paulo Gama, 110 – Anexo I da Reitoria - Bairro Farroupilha",90040060,Porto Alegre,RS,51,33084944,ouvidoria@ouvidoria.ufrgs.br
UFRJ – Universidade Federal do Rio de Janeiro,https://ufrj.br/acesso-a-informacao,AGNALDO FERNANDES,"Av. Pedro Calmon, 550 - prédio de Reitoria - 2º andar, Cidade Universitária - Ilha do Fundão",21941901,Rio de Janeiro,RJ,21,39389646,sic@reitoria.ufrj.br
UFRN – Universidade Federal do Rio Grande do Norte,http://www.ufrn.br/acessoainformacao,JOSELENO MARQUES,"AV. SENADOR SALGADO FILHO, 3000",59072970,Natal,RN,84,32153883,acessoinformacao-sic@reitoria.ufrn.br
UFRPE – Universidade Federal Rural de Pernambuco,http://www.acessoainformacao.ufrpe.br/,José Rodrigues Lemos,"Rua Dom Manoel de Medeiros, s/n, Bairro Dois Irmãos",52171900,Recife,PE,81,33206024,sic.reitoria@ufrpe.br
UFRR – Fundação Universidade Federal de Roraima,http://ufrr.br,CLADEILSON SOUSA OLIVEIRA,"Av. ENE GARCEZ, 2413",69300000,Boa Vista,RR,95,36247310,sic@ufrr.br
UFRRJ – Universidade Federal Rural do Rio de Janeiro,http://www.r1.ufrrj.br/acessoainformacao,Teresinha Maria Sena Pacielo,BR 465 - km 7,23890000,Seropédica,RJ,21,26814622,sicufrrj@ufrrj.br
UFS – Fundação Universidade Federal de Sergipe,http://www.acessoainformacao.ufs.br/,MARCOS CABRAL DE VASCONCELLOS BARRETTO,"Av. Marechal Rondom, S/N, Campus Universitário ""Prof. José Aloísio de Campos""",49100000,São Cristóvão,SE,79,31946392,sic@ufs.br
UFSC – Universidade Federal de Santa Catarina,http://acessoainformacao.ufsc.br/,Aureo Mafra de Moraes,"Campus Universitário, s/n - Bairro Trindade - Andar Térreo da Reitoria - Junto à Ouvidoria - Campus Reitor João David Ferreira Lima",88040900,Florianópolis,SC,48,37216018,acessoainformacao@contato.ufsc.br
UFSCar – Fundação Universidade Federal de São Carlos,http://www2.ufscar.br/acesso,Luzia Sigoli Fernandes Costa,"Via Washington Luiz, Km 235",13565905,São Carlos,SP,16,33518198,spdi@ufscar.br
UFSM – Universidade Federal de Santa Maria,http://www.ufsm.br,Fernando Pires Barbosa,"AV. RORAIMA ,1000 - Cidade Universitária - Bairro CAMOBI",97105900,Santa Maria,RS,55,32208133,sic.ufsm@ufsm.br
UFT – Fundação Universidade Federal do Tocantins,http://www.uft.edu.br,PAULO FERNANDO DE MELO MARTINS,"109 Norte, Av. NS 15, ALCNO 14, Reitoria,",77001090,Palmas,TO,63,32328100,uftesic@uft.edu.br
UFTM – Universidade Federal do Triângulo Mineiro,http://www.uftm.edu.br/acessoainformacao,Vinícius Silva Flausino,"Av. Frei Paulino n°30 - 2° Andar - Proplan, Abadia",38025180,Uberaba,MG,34,37006105,acessoainformacao@uftm.edu.br
UFU – Universidade Federal de Uberlândia,http://www.ufu.br/acesso-informacao,Marcelo Lapuente Mahl,"Av. João Naves de Ávila, 2.121",38400902,Uberlândia,MG,34,32394626,sic@ufu.br
UFV – Fundação Universidade Federal de Viçosa,http://www.sic.ufv.br/,José Rogério de Oliveira,Av. P.H. Rolfs s/n Campus Universitário,36570000,Viçosa,MG,31,38991010,sic@ufv.br
UFVJM – Universidade Federal dos Vales do Jequitinhonha e Mucuri,http://www.ufvjm.edu.br/acessoinformacao,CLAUDIO EDUARDO RODRIGUES,ROD MG T367 KM 583 Nº 5000 ALTO JACUBA,39100000,Diamantina,MG,38,35321202,sic@ufvjm.edu.br
UNB – Fundação Universidade de Brasília,http://www.unb.br/,Maria Ivoneide de Lima Brito,Campus Universitário Darcy Ribeiro - Prédio da Reitoria - 3o andar - Bairro Asa Norte,70910900,Brasília,DF,61,31072710,sic@unb.br
UNIFAL-MG – Universidade Federal de Alfenas,http://www.unifal-mg.edu.br,Denise Aparecida Corrêa,"Rua Gabriel Monteiro da Silva, 700",37130000,Alfenas,MG,35,37019014,reitoria@unifal-mg.edu.br
UNIFAP – Fundação Universidade Federal do Amapá,http://www.unifap.br/acessoainformacao,Walter Teixeira Lima Júnior,"Rodovia Juscelino Kubitschek de Oliveira, km 02, Universidade",68903419,Macapá,AP,96,33121795,sic@unifap.br
UNIFEI – Universidade Federal de Itajubá,http://www.unifei.edu.br/acessoinformacao,Patricia Santucci Vivas Plum de Oliveira,"AVENIDA BPS, 1303, UNIFEI, PINHEIRINHO",37500903,Itajubá,MG,35,36291314,acessoinformacao@unifei.edu.br
UNIFESP – Universidade Federal de São Paulo,http://www.unifesp.br,Lidiane Cristina da Silva,Rua Sena Madureira Nº 1500 - 1º andar - Vila Clementino,4021001,São Paulo,SP,11,33854127,ouvidoria@unifesp.br
UNIFESSPA – Universidade Federal do Sul e Sudeste do Pará,https://www.unifesspa.edu.br,Josilene da Silva Tavares,"Folha 31, Quadra 07, Lote Especial, s/n, Bairro Nova Marabá",68507590,Marabá,PA,94,21017169,sic@unifesspa.edu.br
UNILA – Universidade Federal da Integração Latino-Americana,http://www.unila.edu.br/acessoainformacao,Denner Mariano de Almeida,"Av. Tancredo Neves, nº 6731",85867970,Foz do Iguaçu,PR,45,35767305,sic@unila.edu.br
UNILAB – Universidade da Integração Internacional da Lusofonia Afro-Brasileira,http://acessoainformacao.unilab.edu.br/,Thiago de Albuquerque Gomes,"Avenida da Abolição, nº 3.",62790000,Redenção,CE,85,33321410,sic@unilab.edu.br
UNIPAMPA – Fundação Universidade Federal do Pampa,http://porteiras.r.unipampa.edu.br/portais/acessoainformacao/,Pierre Correa Martin,"Av. General Osório, 900, Centro, Bagé-RS",96400100,Bagé,RS,53,32405433,sic@unipampa.edu.br
UNIR – Fundação Universidade Federal de Rondônia,http://www.sic.unir.br,Marcelo Vergotti,"BR-364, Km 9,5 - Campus José Ribeiro Filho, Prédio da Biblioteca Central",76801974,Porto Velho,RO,69,21822165,sic@unir.br
UNIRIO – Universidade Federal do Estado do Rio de Janeiro,http://www2.unirio.br/unirio/lai,Adriano Gonçalves Alves,"Avenida Pasteur, 296",22290240,Rio de Janeiro,RJ,21,25428680,sic@unirio.br
UNIVASF – Fundação Universidade Federal do Vale do São Francisco,http://www.univasf.edu.br,RAONI GONGALVES MACIEL,"Av. José de Sá Maniçoba, s/n – Centro/Petrolina, CEP: 56304-205",56304917,Petrolina,PE,87,21016891,sic@univasf.edu.br
UTFPR – Universidade Tecnológica Federal do Paraná,http://www.utfpr.edu.br/acesso-a-informacao/,JOSÉ MARCOS MARCASSI RODRIGUES,"Avenida Sete de Setembro, 3165 - Bairro Rebouças",80230901,Curitiba,PR,41,91215504,sic@utfpr.edu.br
"VALEC – Engenharia, Construções e Ferrovias S.A.",http://www.valec.gov.br/acessoainformacao,Maria Alessandra Seadi,"SEP/Sul, Quadra 713/913, Bloco E, Edifício CNC Trade. Asa Sul, Brasília – DF",70390135,Brasília,DF,61,20296296,sic@valec.gov.br
VPR – Vice-Presidência da República,http://www.planalto.gov.br/acessoainformacao,Heber Rocha e Silva,"Palácio do Planalto, Anexo I Ala ""A"" Sala 101",70150900,Brasília,DF,61,34115965,sicplanalto@planalto.gov.br
